Cluster,Actb,Aqp4,Arr3,Ascl1,Atoh7,Car2,Ccdc136,Ccnd1,Cd9,Cdk4,Clu,Cnga1,Crx,Crym,Dapl1,Dkk3,Eef2,Elavl4,Fgf15,Gap43,Glul,Gng13,Gngt2,Grm6,Hbb-y,Hes1,Hes5,Hes6,Ier2,Igfbpl1,Isl1,Lhx1,Lhx2,Map1b,Mdk,Neurod1,Neurog2,Nfia,Nfib,Nfix,Notch1,Nr2e3,Nrl,Ntng1,Olig2,Onecut1,Onecut2,Opn1sw,Otx2,Pax6,Pcna,Pcp2,Pcp4,Pcsk1n,Pgk1,Pou4f2,Prdm1,Rbpms,Rcvrn,Rho,Rlbp1,Rom1,Sat1,Sfrp2,Sncg,Sox9,Tfap2a,Tfap2b,Thrb,Tpm3,Tulp1,Vsx1,Vsx2
16,1.52334740418758,0,0.000753693925944123,0.198837363561595,0.00326600701242453,0.125332312527324,0.0975676529002319,0.298891673286992,0.0312002843270997,0.495916594591607,0.0086888253885996,0.00366419921563878,0.386863975966429,0.0622237113472752,0.131444052296243,0.140398004017125,1.38431804086329,0.0102389037209722,0.0501010198096974,0.113108238640054,0.145128299371094,0.0115993306782943,0.497757242763437,0.000251231308648041,0.00125615654324021,0.0654832286658494,0.310586399263158,0.885964740721288,0.567279837385417,0.0111161665439698,0.014335389561369,0.000251231308648041,0.0959095368138739,0.694576022644317,0.281549932588906,1.65182945864103,0.0485115480910879,0.0312191737802127,0.320764792746657,0.037898148699628,0.13225310463673,0.0638539692521394,0.140336506938748,0.00301477570377649,0.029650205994727,0.0173587613240861,0.155666036455457,0.013433120260848,1.48472113267482,0.178645512559693,0.0462314723654977,0.0241141121156709,0.00791053401499069,0.0290812518695753,0.0235163841730922,0.00100492523459216,0.28024268954681,0.00301477570377649,0.00381116011020499,0.00812478283770606,0.0148037577571213,0.324297866746011,0.113549696064053,0.0144146534979274,0.013651871627963,0.118662895797585,0.00341296790699074,0.0153678003080149,0.0251091529859492,0.0887609666091305,0.0685545070185229,0.00090065482051033,0.0646432528639983
2,1.10908113550027,0.00011124172372973,0.00708383959523384,0.00239278444851998,0,0.26340523740793,0.0259304037305607,0.197679062545971,0.00635131701595799,0.101335581501643,0.0717059830024051,1.03279822475435,0.447408747854166,0.0332065799722023,0.016991058449888,0.00977689326813575,0.70948560654937,0.000333725171189189,0.000444966894918918,0.00159518963234665,0.039976429335654,0.0153997021381965,1.10034674623663,0.015846843809777,0,0.00871900950437253,0.0247027032306527,0.119012965938472,0.174523164032662,0.000732522579275852,0.0186300616796819,0.000222483447459459,0.0128349532823725,1.15976404788226,0.00624225006888985,1.37068358648693,0.000398797408086663,0.00324491273822738,0.0247901859999614,0.00869793197764572,0.0186656924031507,1.9211936342861,1.04207332663246,0.0041264825413634,0.000176313960627204,0.000444966894918918,0.005154924791698,0.0282103150168597,0.603421338981172,0.00885299688045801,0.0397976054784207,0.0789157004740215,0.0275946896148189,0.0967669871316845,0.00651090300318156,0,0.0495492527792299,0.0055915276999151,0.969079883050782,2.0648222501759,0.021094288687863,2.16799457570582,0.0298805723112969,0.000510039131816393,0.000889933789837837,0.00618354815475605,0.000287555684356934,0.00232771221162251,0.0371130969049441,0.00984815471507345,1.26942009961271,0.00321764600146034,0.0286632565675312
11,1.22182798253389,0.00140310060237123,0.0100469838348067,0.000361862271239857,0,0.188567435376543,0.00514145957752807,0.676664169727936,0.00847655585592258,0.619347452104876,0.0531976168200788,1.26848574934679,0.150997366809166,0.00982354923195342,0.273378455995081,0.00581140231802103,0.726339955957693,0.00187080080316163,0,0.00155328701450998,0.0405206736004348,0.0135121775039001,0.104496142087768,0.00719643414747606,0,0.00700282706129115,0.342645767314355,0.495561536291786,0.428545576027386,0.00057353813034096,0.0107982104696012,0.00028676906517048,0.0029563876168812,0.977339460987556,0.567366348523548,0.483603922700761,0.000467700200790408,0.0122149148310794,0.0056567508920731,0.00288129441081183,0.00303148082295058,0.531616969361081,0.361798516169367,0.0141599407022343,0,0,0.00129726267282067,0.0283929543620144,0.151064651282685,0.383899848155431,0.00583768202769303,0.0255813709366499,0.0249897640333928,0.0747090973187806,0.00594351995724358,0,0.0131092093812385,0.00482718842004284,1.17806331568896,1.9451475781686,0.0192091661093189,1.25694916370085,0.0145046620091,0.000180931135619928,0.00108558681371957,0.00288129441081183,0.00028676906517048,0.00324315668205168,0.0292635033445345,0.00375520536543029,0.732984379337129,0.00101049360765019,0.00710419997703253
15,1.16625977183087,0,0.00386154733103385,0.0653884240663393,0.000735304646987212,0.150334079024255,0.32607052968019,0.217364091352671,0.0158530946599936,0.287820713506019,0.0248802030917693,0.180173755728692,0.509587336483588,0.0445192374906008,0.0681486121956086,0.068624380359187,0.934188406870974,0.0064559380360224,0.0152151236595599,0.0297453769280214,0.106273483357963,0.0200198209929212,1.39497005561613,0.0016139845090056,0,0.0386844169717061,0.142704982462037,0.566716256340989,0.306958825885028,0.0125233993080179,0.00837510154692168,0.00098040619598295,0.0812030653826988,1.24151550171324,0.10126213781924,1.73235851685249,0.0258554396118016,0.015871523231825,0.321812822164819,0.0328672269246569,0.0930468448092164,1.30387289653303,0.719279489650842,0.00455520309695445,0.0107243907029145,0.0142575387228194,0.104632284902304,0.0769718900209085,1.45839999395007,0.0939115098982607,0.044409820986699,0.114259972703253,0.00860177452408609,0.0483730946516974,0.0121949999968889,0.000490203097991475,0.318458628519982,0.00098040619598295,0.0621271924920908,0.291199052710697,0.0119082495668266,1.32988409159704,0.0735497124819844,0.00827337521295712,0.00882365576384654,0.0434526350999513,0.00514713252891048,0.0189376884629737,0.0323397676330099,0.0477995937915727,0.683772642655016,0.000490203097991475,0.0330750722799972
23,0.897894903991679,0,0.0129011041789203,0.000973782320232639,0,0.312266361117385,0.00797493142794306,0.0616672139169973,0.00631174077865417,0.0659537830062521,0.105602032417521,1.45745661122324,0.553030445146828,0.036376003307008,0.0134058396418946,0.00533795845842153,0.615810268125897,0.000597071896015277,0.000376710424217362,0.000753420848434723,0.0396542956679174,0.0108322658692625,1.00990203803605,0.0210034473231313,0,0.00480489908178472,0.0248419287767368,0.0973561379471035,0.172789989457506,0.000753420848434723,0.0186508483447861,0,0.00662443868349306,1.23883206501517,0.00436417613818889,1.24657862612945,0.000753420848434723,0.00263697296952153,0.0125594690379299,0.00700114910771042,0.0170159816091597,1.90862727977931,1.2565960683323,0.00640407721169515,0.000376710424217362,0.000376710424217362,0.00188355212108681,0.0344726861619153,0.499860118064371,0.00248062401710208,0.0583974804457445,0.0483475726610682,0.0249558377538759,0.176672185765418,0.00737785953192779,0,0.0585538293981639,0.0121827586137125,1.94305308666518,3.147430396324,0.0243938411410875,2.50902403150386,0.0313949902487979,0.000376710424217362,0.000376710424217362,0.00602736678747779,0.00113013127265208,0.000376710424217362,0.0461507093126535,0.010768253349884,1.49557399384833,0.00700114910771042,0.0288220297986549
19,1.06530045706558,0.000690041991597755,0.512364840040791,0.0125380112351771,0.000690041991597755,0.286258124484952,0.667463605937076,0.317200460063838,0.0164504975753823,0.246678684516047,0.196778040766394,0.612209826184331,0.480269813850411,0.0347552744430915,0.0676579250627308,0.0257401231970744,0.736755624047525,0.00207012597479327,0.0121929902393782,0.01026606091588,0.0623362163234401,0.0385650894637514,1.83886065782599,0.0205005588612485,0,0.0290624534070368,0.0971603456684302,0.238904466491036,0.23907989158635,0.00537713928148698,0.0272934185884431,0.00138008398319551,0.0303945340586324,1.28560025349511,0.134851326827606,1.11616880916472,0.00675722326468249,0.0157199302520346,0.0799106664531374,0.0146081372099704,0.0324646600334257,0.812290837754628,0.452370200239838,0.0146611431975451,0.00103506298739663,0.00345020995798878,0.0229472688023522,2.27843733917358,0.653595319554935,0.0768297335690957,0.0403155739787136,0.0529439193822028,0.0531381271139381,0.176757185133174,0.00882734923947576,0,0.117705643215019,0.00434207629409035,1.24264263561718,1.13378072383317,0.0234884924370208,1.22887290548352,0.04135119869502,0.00276016796639102,0.00379523095378765,0.0212221638233578,0.00227195031929708,0.0150039469955593,0.200922677177058,0.0245291771300515,1.17264382078241,0.0104943882541712,0.0383367621254603
21,1.49286293378415,0.000372860236987598,0.00767531399639971,0.070912910732563,0.00223716142192559,0.124515788254987,0.853616168010545,0.496957328662159,0.019452090599663,0.302543609645829,0.0552539627713322,0.00230051969823349,0.388170525565229,0.0766129678253769,0.228537508254578,0.13665257656323,0.999366307480542,0.0172782874540453,0.178366027506726,0.0550925294241293,0.14386181645662,0.0178692569476807,1.41478589175452,0.000372860236987598,0.00938486420099786,0.132904881202942,0.221311231078575,0.405634641483441,0.366346877349689,0.0160878770536664,0.00804817423338731,0.00208241044158574,0.116917197268621,1.37556668893879,0.154220318877366,1.21221060441253,0.0453525789545146,0.0181154006320525,0.172678756272437,0.0123043878205907,0.052707299388727,0.093366994272514,0.0591032063809576,0.0140139380251889,0.0107849124449163,0.0159415974864348,0.0925064837834982,0.767035136519045,0.881152414500465,0.150046296559066,0.0531995867574706,0.0448224705168108,0.0158221703546788,0.069169825725626,0.0252631034111247,0.00261002165891319,0.298363634982686,0.00969436616167756,0.155806372713232,0.00491054135714668,0.0189244793823356,0.111979474473794,0.0399947274825648,0.0469468871738435,0.0432871113391452,0.0450319853923272,0.00484718308083878,0.022188828811192,0.535385015009329,0.0846185287893206,0.75611000909328,0,0.0483176868820446
38,1.91472237739153,0,0,0.0140740544276131,0,0.0562962177104524,0.13576171558064,0.0554337860515925,0.0105555408207098,0.184756357848154,0.0422221632828393,0,0.0211110816414197,0.0211110816414197,0.033724820980445,0.0568941011401802,1.11153397232951,0.0668517585311622,0.0175925680345164,0.931447663143232,0.107613606725414,0.0105555408207098,0.0351851360690328,0.00351851360690328,0,0.0161322529459287,0.0357830194987606,0.0679844669134679,0.053375587533277,0.00703702721380655,0.0126137393390254,0.898813942589742,0.00351851360690328,0.53722278745115,0.038703649675936,0.0477988754080581,0.0457406768897426,0.0442803618011549,0.00351851360690328,0.00351851360690328,0.0211110816414197,0.0105555408207098,0.0105555408207098,0.0949998673863884,0.0140740544276131,0.243973205735782,1.3074056276538,0.0105555408207098,0.0372433345873483,0.766144847134786,0.0668517585311622,0.00351851360690328,0.00703702721380655,1.63807919606106,0.0598147313173557,0.00703702721380655,0.0105555408207098,0,0,0.0217089650711475,0.00703702721380655,0.0246295952483229,0.038703649675936,0,0.73682569695429,0.0689099570494778,0.208523521437617,1.45339487187765,0.0105555408207098,2.07146977695047,0.0140740544276131,0.00351851360690328,0.0246295952483229
24,1.54184505061893,0.000994317130537211,0.00926814615313877,0.00621983236660128,0.000384654373229714,0.220569079411084,0.0370292496766417,0.275166121645423,0.00567553200421963,0.348184393465898,0.0369997022213038,0.132086852307935,0.212608741149271,0.03429838223191,0.0800597508093604,0.015452163580152,1.09561064268483,0.0110606932294356,0.000994317130537211,0.036449134374672,0.0991483297410792,0.186233521494873,0.365156912241326,0.530175908697959,0.000769308746459429,0.00795453704429769,0.0433370981532189,0.335690055669772,0.342253640293884,0.0118300019758951,0.952554110956602,0,0.0350764303551553,0.717285035103038,0.0706324249338039,0.502259382988264,0.0115107099975912,0.0971660811799474,0.172868861520997,0.0365792329084861,0.018180559132348,0.328846248251026,0.147100060992594,0.256053075631379,0,0,0.0689335351956955,0.0381542915970306,0.928930807424259,0.0541032299323057,0.0554272971967421,0.303626700569076,0.729905846061519,0.331981596734348,0.0169612336177331,0,0.022092465259571,0.00153861749291886,0.16961829738415,0.577242172133085,0.0252350626403346,0.55227763974001,0.0712333483143255,0.00214828025022635,0.000384654373229714,0.0395401568410853,0.00291758899668578,0.0192270774332732,0.0124038497936146,0.0862140607917324,0.209280335319583,0.327889619813757,0.411878413393597
25,1.26601446685242,0.00454871820455565,0.0050789790447606,0.0020056342030091,0,0.226823690667162,0.0970189809642286,0.570661288409867,0.0253669012514163,0.494374450557711,0.0614883711049555,0.429226688147845,0.128675057373969,0.0272308159220778,0.17019989229714,0.0195484334300079,0.835599803843972,0.00431407404477083,0,0.0104672996117338,0.0898851106180048,0.875508222791589,0.117321892018357,0.44259050746166,0,0.0119971096117133,0.200958011258052,0.393245949086506,0.335163933781646,0.00080225368120364,0.750053789246596,0,0.00996066261095026,0.729342704425995,0.408575232008978,0.323838892012823,0.00080225368120364,0.0426330964281287,0.0227737507456596,0.00869630956850948,0.00655435240756475,0.246325742559493,0.151083237576321,0.464555255576363,0,0,0.0143802468159028,0.0301209028880625,0.345329953664962,0.238601037079816,0.022803910468541,1.86879213287075,1.46643713852522,0.238855741350506,0.011738841612507,0,0.00799237708915503,0.000635771000386637,0.419601498552924,0.844888575578528,0.031850273354646,0.582844019896102,0.0247492252257874,0,0,0.0122081299320767,0,0.00789405588730584,0.0115041974527222,0.0325672776009203,0.284149473967072,0.0247728490652088,0.352097733219707
9,2.07278987639799,0.000172854658493752,0.000172854658493752,0.209997969680604,0.00586406187977534,0.17359037160734,0.0618463575237959,0.248313644414283,0.00739038147812525,0.855811135617226,0.00155569192644377,0.000273968151787558,0.0154134369340378,0.0340662085066303,0.24345499594039,0.664054199361007,1.36036797743226,0.0629749817691095,0.152017968020472,0.176488647941667,0.218380569079878,0.000172854658493752,0.0286224135695459,0,0.0134990391815943,0.12267671084097,0.268892509711043,0.67189013397431,0.53835296578277,0.326812389214424,0.0316946553729279,0.0161376072061761,0.0877389460808915,0.429310856131511,0.212663184328287,0.171370902708016,0.316513678858875,0.0589829488046715,0.0868984121955097,0.0220700309410819,0.0822205935181036,0.0107463611547065,0.00511389858961261,0.00618039886866899,0.0480123519232889,0.027487270010576,0.469164166194815,0.00611772694141689,0.0522258611607711,1.20556922654456,0.0489963681390706,0.00086427329246876,0.00224711056041878,0.176097004568319,0.0470788725013407,0.00452359344893141,0.011711747940469,0.00642499469236268,0.00103712795096251,0.00138283726795002,0.00770671846701889,0.0164081960478942,0.0350434809908442,0.0715668964751807,0.0491237560751718,0.0543980756638319,0.134359124962071,0.82423977275124,0.00507152975250653,0.20932523642393,0.00926241039346266,0.000172854658493752,0.0297767494081008
10,2.34133268313814,0.000347094231627414,0,0.0454007086298528,0.000173547115813707,0.287078848384932,0.0531088102866103,0.122190262950638,0.00433867789534267,0.496474082185251,0.0171976058863175,0.00176496115204202,0.00634921472415278,0.0279621212426982,0.176972169338422,0.177258416563476,1.16890859866684,0.194970458154564,0.0311959422794178,0.305942542984294,0.185788647223836,0.000694188463254827,0.0336522641514451,0,0.000173547115813707,0.0262322767385051,0.0764538100638916,0.158966035399315,0.199230451212418,0.116899394681716,0.0118998946869218,0.000347094231627414,0.0975379598565853,0.363480308709947,0.129748805132423,0.202750786075362,0.207934169531813,0.03527124533007,0.0129014665580242,0.00468577212697009,0.0161693717645797,0.0133897901682908,0.00672579894968514,0.0373619541622284,0.00156192404232336,0.00277675385301931,0.134539206109695,0.0076360730958031,0.0268839266347105,1.34251720409954,0.0737348199221525,0.000694188463254827,0.0429979938112695,0.584315081128633,0.0472212569220888,0.00131634836555528,0.00399158366371526,0.00572705482185233,0.00290776240178359,0.0048564914995142,0.0093584956807957,0.0186875013676864,0.0375383862565533,0.0113100525217959,0.0252233117807974,0.0153311261794161,0.414449847582086,1.28801783918308,0.0129440051250736,0.206830061965144,0.0113100525217959,0,0.0126264008873512
35,2.48124784863961,0.00120338052180546,0,0.0259749234372691,0,0.332909494021125,0.0974738222662423,0.068411731405623,0.00361014156541638,0.452457053002908,0.00120338052180546,0.00431407404477083,0.00722028313083276,0.0180507078270819,0.0413870448863225,0.0423228027000946,0.93455671914595,0.101901901579272,0.0180507078270819,0.160145966242623,0.204507735637899,0,0.0192540883488874,0,0,0.0144405662616655,0.0614159372328287,0.111121936104527,0.258601036168006,0.0999945885781126,1.80174614450279,0,0.0168473273052764,0.387946986060246,0.118249780842098,0.443475118356679,0.901332108804379,0.00842366365263822,0.00722028313083276,0.00120338052180546,0.00962704417444368,0.0163478792628254,0.00361014156541638,0.0144405662616655,0.00240676104361092,0.00842366365263822,0.203394834284738,0.01514449874102,0.0192540883488874,0.985506901323234,0.0700005547016202,0,0.0720537291145606,0.564591892984079,0.0692966222222657,0.0060169026090273,0.0108304246962491,0.00722028313083276,0,0.00501800652412529,0.00722028313083276,0.01514449874102,0.381507303730408,0.00361014156541638,0.0481352208722184,0.0228642299143038,0.237089488895291,1.3254814879728,0.00481352208722184,0.205302147285898,0.00481352208722184,0,0.0108304246962491
26,1.40874238820798,0.242468932196893,0.00427070926103767,0.00165703210960499,0,1.25618409997401,0.0100703216446551,0.693231871729117,0.715078456986412,0.583594928772258,0.803356668489371,0.328136290887833,0.0294712746979083,0.472683729711091,0.865318792032034,0.399228776993985,0.756151312921152,0.00405375445526709,0.00600719877309954,0.011232044903288,1.59526144937761,0.00863024434082072,0.033515833133233,0.00405375445526709,0.000522735430286535,0.604832891847978,0.37407333711163,0.355354232075316,0.441813386107852,0.0023967223456621,0.0103975196707712,0,0.185623243649907,0.720326949616466,0.536988734490624,0.111523919973473,0.00906415395236187,0.184372739597544,0.122104755666757,0.0401830923435867,0.0293730804628744,0.102496388620368,0.084713843177991,0.00518805113458555,0,0,0.00104547086057307,0.0148518897470139,0.0308618293512771,0.471907703507133,0.00850211535379553,0.0110269666864828,0.0108100118807122,0.0471076329902341,0.0139464244624315,0.000522735430286535,0.00270250297017806,0.00488227051006959,0.284610765257294,0.580666036160768,0.916967986365551,0.31432987732031,0.292976858022452,0.00165703210960499,0.00278196037263494,0.188559319903463,0,0.0023967223456621,0.018828694972501,0.0105930570749417,0.163916947267429,0.000828516054802496,0.0530619498742938
27,1.41463398441882,0.00396210780509361,0.00155534676148269,0.143679088865953,0,0.929334373132395,0.021263643568499,1.08611970055411,0.402185248325862,0.428491927344195,0.00396210780509361,0.0107851851119271,0.0160529156572779,1.40570993806104,0.559205432329476,0.527616981826301,0.696524573452169,0.00060169026090273,0.0435949489058373,0.0183574344824371,0.463002089089628,0.00120338052180546,0.0385101359223924,0,0,0.998055786455695,1.16643653097474,0.572954114678912,0.626551682001458,0.0060169026090273,0.00060169026090273,0,0.36692793326914,0.52921633059665,0.427133133337104,0.0703662432157227,0.073215449667655,0.18811657601537,0.447289942794377,0.0847026080343188,0.278578518036918,0.0474462886779839,0.0199127812439198,0.00060169026090273,0.0104332188722499,0,0.0143953266773435,0.00361014156541638,0.112302821964694,0.533541136253251,0.047239546618077,0.00240676104361092,0.00120338052180546,0.0206619533075963,0.0478402572666709,0,0.00792421561018722,0.00215703702238542,0.00732252534928448,0.0223657614841616,0.757769818376654,0.0405089077045053,1.62852068329925,0.0433767940201768,0,0.263553180588849,0,0.00215703702238542,0.00431407404477083,0.0747353606700055,0.0191528257427445,0.000953656500579956,0.122429115746211
14,2.58078486419173,0,0,0.00576759352882412,0.00592838847553836,0.0222147861562437,0.0711855929651106,0.117316358306888,0.00298434186617431,0.338053973489823,0.0305726549062928,0.000237135539021534,0.00624611452818041,0.00251007078813124,0.0444880832773096,0.0783848856512172,1.05175501222901,1.0108464582709,0.0659950392085393,2.60780576459431,0.127915576134114,0.00142281323412921,0.00444745035711377,0,0.0299649726337331,0.0168730546865528,0.0324356820667807,0.147952081973359,0.137402542017083,0.894999037139204,0.925914510332832,0.000948542156086138,0.0150604247287874,1.93236653438515,0.0515440245636603,0.0525553276058818,0.0262821356551069,0.00923045639435472,0.0252576389872402,0.00440715510030352,0.007727052646605,0.000474271078043069,0.00118567769510767,0.072335611405248,0.000711406617064603,0.0249798221108816,0.406397810820471,0.00092646260728779,0.0120179579783178,0.706140325661816,0.0179641760813412,0.000474271078043069,0.00393288402226045,0.561688780489114,0.0477851291137592,0.147002669024428,0.00403130416336609,0.341721735654005,0.000787747209371894,0.000375850936937431,0.000711406617064603,0.0103758388326521,0.0394853852480055,0.0679199768876242,1.90261958325682,0.00592838847553836,0.00189708431217228,0.0123717293664568,0.00995969263890445,0.23883329018928,0.00725278156856193,0,0.0061655240145599
22,2.54453853663603,0,0,0.0117105814925451,0.0250074097554595,0.0745856784831781,0.0643691456207463,0.166763236045416,0.00507621480074795,0.629737500967989,0.00261564973796206,0,0.00523129947592412,0.000747328496560588,0.0992279458556608,0.0675214577844603,0.914316234318205,1.1349926672816,0.0620868884252012,1.57147179996267,0.138694056687747,0.00112099274484088,0.00507621480074795,0,0.0241330914630429,0.0224552549154254,0.0431343867297055,0.450568721398241,0.377482006293256,1.21539094622862,1.24143096874062,0.000747328496560588,0.0205234387760959,2.17252476065592,0.151386496487731,0.0859372060060179,0.0380973823269854,0.0114004121421927,0.01270458444153,0.00096590806966472,0.0143262312305071,0.000373664248280294,0.00149465699312118,0.00448397097936353,0,0.00806552878699031,0.374465996979257,0,0.0224491665021538,0.702309859930459,0.0150735597270677,0.000373664248280294,0.000373664248280294,0.137785555102739,0.0417588060301447,0.392078679161266,0.00373664248280294,0.0712855867835755,0,0,0,0.0084391930352706,0.0417307111508245,0.0805588264053992,0.544240806234687,0.00753677986353385,0.00186832124140147,0.0259959326541808,0.0225468446926736,0.20421350665867,0.00822061346216647,0.000373664248280294,0.0126129946642818
37,2.48213926937795,0,0,0.0241996521891253,0,0.0427899762523771,0.11092070471694,0.191092834772593,0.0086427329246876,0.127065070543255,0.0507152975250653,0.00518563975481256,0.0193077357152513,0.0237759638180644,0.0862691995517194,0.0524438441100028,1.30847289887479,0.830279497338818,0.0978639776061038,2.29391354383949,0.0966686436663789,0.00172854658493752,0.0542238103637751,0,0,0.0512717652340783,0.0909608993719632,0.100682204545267,0.0959230674093451,0.414580541155421,0.667517207394063,0,0.0331361083947515,2.13666055013793,0.0459251815362793,0.0615130796535812,0.0141220959604388,0.0155569192644377,0.0182966007823133,0.00345709316987504,0.0182966007823133,0.0116761377235018,0.0120998260945626,0.295194385001779,0,0.00691418633975008,0.0865601085848281,0.015902062214211,0.0344099877557639,0.529989344722429,0.0259281987740628,0,0.45313638397331,1.1438465305753,0.0311138385288754,0.190306696781773,0.0103712795096251,0.74800274649645,0.00345709316987504,0.00345709316987504,0.0120998260945626,0.0168617774783144,0.034864654979689,0.0106650027905637,2.39339229817841,0.0224711056041878,0.00518563975481256,0.0320857007511697,0.0207425590192502,0.301258380351578,0.0175791891303138,0,0.0148395076124382
5,0.865372734231692,0.00104566800763333,0,0.010086765215684,0,0.0199343240716728,0.0284081659914805,0.273223335550016,0.0145851031774962,0.898071311423266,0.0189206943511968,0,0.00300629552194583,0.00368204866892982,0.248683545314407,0.161998577813191,0.98578680543335,0.00483621453530416,0.16320830129735,0.0431141500249866,0.224642937174074,0.00308275509352949,0.000914959506679166,0,1.12871359794089,0.433072363558686,0.00818038663074199,0.0622125295138887,0.216394276515257,0.00250567216034232,0.00739613562501699,0.000784251005724999,0.318520388154526,0.23757800949793,1.50955939818239,0.00125283608017116,0.00491267410688783,0.000653542504770833,0.0479059432758644,0,0.0209898197242503,0.000130708500954167,0,0.0050976315372125,0,0.000130708500954167,0.0214584047986965,0,0.128057969471986,0.45811769124177,0.147930772321669,0,0.00169921051240417,0.0494868282845834,0.0747135689687376,0.000130708500954167,0,0.0255646172576461,0.000130708500954167,0.000261417001908333,0.00182991901335833,0.0120251820877833,0.0458910668321814,1.66818851874213,0.000468585074446163,0.0726916330390314,0.00104566800763333,0.00104566800763333,0.00980313757156249,0.257182081619042,0.00687330162120032,0,0.142653113101023
20,0.94952484829037,0.00260023058087868,0,0.00222876906932458,0,0.0126296913928393,0.026745228831895,0.251988100756137,0.00891507627729833,0.935169456360149,0.0225049817479662,0,0.00897819687518493,0.00445753813864917,0.36509328567802,0.310461483513508,1.06816485781997,0.00467482919336951,0.177070612993488,0.142200495293568,0.24921045892421,0.000742923023108194,0.000371461511554097,0,0.883061695321053,0.312901008845246,0.00786381234052263,0.0608007087748642,0.256343539042698,0.00222876906932458,0.010246751866681,0,0.314568227325898,0.174169271579439,1.68357166092567,0.00383419901227956,0.00764652128580229,0.00281752163559903,0.0551025449057796,0,0.0176759820977629,0,0,0.00408607662709507,0,0,0.0123213504791718,0,0.115378226488987,0.515763044123384,0.150218478090925,0.000371461511554097,0.00133167558938264,0.0592517421307612,0.0755049987801943,0,0,0.0263737673203409,0,0,0.000371461511554097,0.0122582298812852,0.0364663487301881,1.58032669275569,0.00631484569641965,0.0530910668911753,0.000371461511554097,0.000742923023108194,0.0159728449968262,0.253030133784959,0.00668630720797375,0.000742923023108194,0.151633941463489
34,0.90125804923576,0,0,0.00613404584566323,0,0.00102234097427721,0.0112457507170493,0.313167636165091,0.00204468194855441,0.995033136270887,0.00613404584566323,0,0.00102234097427721,0,0.156381275355884,0.283078017855963,1.19435202111881,0.00511170487138603,0.224105128956322,0.0437100733440741,0.47667122030033,0.00102234097427721,0,0,0.0972961138478631,0.282637050187718,0.00204468194855441,0.0191738899614212,0.11936663438861,0,0.00102234097427721,0,0.421382947009009,0.171562655453408,1.60107924700537,0.00613404584566323,0.048877082282644,0,0.0414916701039911,0,0.0143127736398809,0,0,0.00204468194855441,0,0,0.0298216095455675,0,0.0316925702025934,0.56234748309039,0.283191529716046,0,0,0.00920106876849485,0.0184021375369897,0,0,0.00408936389710882,0,0,0.00102234097427721,0.00102234097427721,0.00408936389710882,2.16980420758397,0.00204468194855441,0.0511955804461889,0,0,0.0102234097427721,0.25400484501191,0.00102234097427721,0,0.205433655346295
0,1.55991325241726,0.000674398891379593,0,0.0641829040529705,0.00230441595394965,0.0288596246777244,0.0252646052446278,1.71303660921115,0.0111747390512157,0.696440254714106,0.00748075705789209,6.74398891379593E-05,0.0018208770067249,0.0216370576541973,0.658010856213469,0.581245602305774,0.92578340240641,0.0172493997100534,1.22594689989312,0.0529469052253793,0.275187579838085,0.000916168364991969,0.00328174492016972,0,0.0307221656283811,0.461537132713711,0.371157051732885,0.220244863048319,0.466040826859699,0.0221330618109259,0.0131635565555774,0.000269759556551837,0.276218290743407,0.575412199795477,0.845615350868722,0.0185984228994996,0.0648755851413264,0.0099048408808535,0.0343106861757123,0.000404639334827756,0.0792603444755417,0.000106889695336457,0.000444089141026254,0.0157988926673069,0.000674398891379593,0.000674398891379593,0.0143774745600606,0.000269759556551837,0.0181516746161975,0.480463196472334,0.113363843512662,0.000269759556551837,0.000269759556551837,0.0253932057349938,0.057700961349641,0.00435560271102789,0.00134879778275919,0.0175026289069248,0,6.74398891379593E-05,0.00391669400535081,0.00738025644939328,0.0261554204275128,1.28836178806074,0.053802022788071,0.167325438740984,0.000539519113103674,0.00203465639739781,0.00456938210170081,0.173994890587402,0.00345089406929496,0.000337199445689796,0.164833992825871
7,1.50970302363751,0.000971021032771345,0,0.104393196739426,0.00275122625951881,0.0223244795586065,0.02628790015329,1.82801719395411,0.0454428112928569,0.606070495685751,0.00326423690097018,0,0.00291306309831404,0.023607006162235,0.721440550275814,0.622493673037396,0.898249734037188,0.0143638104209759,1.43614977520558,0.0578889158617568,0.296402084065729,0.000323673677590448,0.00400625273808154,0,0.0275000944884547,0.466012583068442,0.37832651697486,0.213597709052455,0.340011945263007,0.0246269631086033,0.0156037683678698,0.000485510516385673,0.317473196933083,0.57018865612322,0.656759033164566,0.0151732581016155,0.0692946816424111,0.0167120265393061,0.0504629172071078,0.00242755258192836,0.120859265711094,0.000485510516385673,0.000161836838795224,0.0212831262573715,0.00113285787156657,0.00113285787156657,0.0159303424703957,0.000256505320725685,0.0196610809240613,0.518803398485304,0.0454946476313893,0.000161836838795224,0.000323673677590448,0.0282696104506318,0.0622616744208268,0.0040734210949463,0.00194204206554269,0.0202571049744687,0,0.000161836838795224,0.00277872638458451,0.00432992641567199,0.0271245844723319,1.33890144141823,0.0526704687885106,0.172074520383765,0.000485510516385673,0.00389651572448226,0.0094415369002544,0.180007162423003,0.00400625273808154,0.000323673677590448,0.20754424877132
17,1.62884657843824,0.00266595069446133,0,0.0234856226629971,0.00399892604169199,0.00906423236116852,0.0436362009899602,1.08301832766146,0.0175752299676221,0.720744509078463,0.0317953709833874,0,0.00457741734814441,0.00415487416019513,0.582982304353723,0.51667138491626,0.971132380756958,0.0136416497093129,0.773156233537208,0.15772060523427,0.311131883560621,0.00186616548612293,0.00282189881296447,0,0.0290187733379831,0.355330355278618,0.118456383633888,0.168383787726628,0.441785252688383,0.0350602916437315,0.015774410264882,0,0.26716600327063,0.347840893788754,1.14882278008584,0.0223247302450004,0.0530276192744082,0.0334855437351845,0.10772047790759,0.00335508895185673,0.0508595244167433,0,0,0.0175752299676221,0.0030884938824106,0.000799785208338398,0.0288175240519198,0,0.0236620494409306,0.592732362146483,0.0753008804065819,0,0.00622228893238135,0.0575196232605895,0.0521924997639739,0.0046880642990874,0.00133297534723066,0.0244614006056614,0.000266595069446133,0,0.00484401241759054,0.00835504948795041,0.0357241733493894,1.12797433542319,0.0431936131861883,0.109833627890944,0.000533190138892266,0.00282189881296447,0.0262622203084015,0.158046812185441,0.0030884938824106,0,0.16744863137896
3,1.80120991246428,0.00172577992670091,0,0.400064770047904,0.00160250993193656,0.314724078434615,0.046258872982421,2.2350082214049,0.113020419829907,0.568383023870276,0.00443771981151663,0.000123269994764351,0.0105500578793711,0.430219156143141,1.19051726338395,0.702273511807642,0.901711782214964,0.0140016177327729,1.097766990132,0.0574788524354413,0.590816302226159,0.00110942995287916,0.0407630855843477,0,0.000688458298222993,0.906254919431155,0.96474992352778,0.637791334517656,1.03352052136919,0.00981043791078496,0.00981043791078496,0.000986159958114807,0.470867526662744,0.718382537545945,0.551715553439938,0.0316827985839026,0.0655103508292887,0.132150826297843,0.26673758018579,0.0647703188511118,0.246499782338868,0.00545429548191584,0.00616349973821755,0.0232073839614874,0.00764273967538976,0.00110942995287916,0.0174741242402128,0.0135085377537155,0.0306152619390997,0.589706100521979,0.157237846552692,0.00172577992670091,0.00443771981151663,0.0393650216379042,0.138381614501533,0.00221885990575832,0.015429695999582,0.0183881758739264,0.000862889963350457,0.000123269994764351,0.0736900617116857,0.0109919761880654,0.0958625339741595,0.151468072287183,0.0540458293066132,0.31108898017369,0.00505406978533839,0.0274267702622547,0.013334106088588,0.273226988062679,0.00850562963874021,0,0.286002934940242
4,1.75233429816925,0.00225862585989845,0,0.31680889776219,0.00138027135882683,0.348016177308845,0.0526208880809754,2.12217914616051,0.0595864153349845,0.73590342397196,0.00333586021047551,0.000125479214438803,0.0104881754334873,0.472692290187994,1.15721433695188,0.670114335271153,0.975412016574356,0.0172546185451994,0.805781925222813,0.063790991285757,0.620586052903967,0.00150575057326563,0.0439722567526812,0,0.000826275921699463,0.894635797254945,1.04382411291523,0.73356168350175,1.07896731553705,0.0118163682129419,0.0111889721407479,0.00100383371551042,0.381749767240683,0.712819267411336,0.796714961091369,0.0631599147308552,0.127505978808589,0.106369218275893,0.191610347600568,0.0448506112537528,0.192067371519998,0.00714288075502858,0.00401533486204168,0.0176618127121935,0.0161681540194306,0.00112931292994922,0.0202447976360362,0.0124437642851359,0.0735651029590741,0.558680577134952,0.229802321203176,0.00188218821658204,0.0050191685775521,0.0466807208909627,0.103802444875497,0.00233202649496509,0.0140229154934682,0.014148394707907,0.000878354501071618,0.000250958428877605,0.11472424706392,0.0142525518666513,0.157286701690846,0.186066124104406,0.0553506742749514,0.288537660764619,0.00527012700642971,0.034947392073862,0.0134475980006464,0.243452510110689,0.0125171649202026,0,0.243318209306642
1,1.59704591777541,0.00109605816027822,0,0.280281507286632,0,0.445610486732181,0.0244152312188603,1.87734393984247,0.127244950254125,0.778200234635308,0.00186329887247297,0.000109605816027822,0.00383620356097376,0.603631127149107,1.07183452172544,0.728765616740053,0.97143293810348,0.00952746500752312,0.249231641092174,0.0138020918326082,0.595264553326613,0.00153448142438951,0.0253257554918765,0,0,1.01703276307659,1.59419859743345,1.01310001060854,1.03674548402802,0.00275877016914216,0.00155310619283612,0.000109605816027822,0.294872507466473,0.563395757318486,0.734521868689312,0.0435414454141955,0.111462086277561,0.0985506281715748,0.248285020405017,0.0923546853740251,0.202109087833994,0.011591003285732,0.00589184831015839,0.00986452344250397,0.0130721006573066,0.000328817448083466,0.00961844605510433,0.00593733883394899,0.0788890185121252,0.531483076845246,0.432503373913393,0.000940961820459792,0.000219211632055644,0.0148609004559932,0.0113080238193123,0.000657634896166931,0.010211965659034,0.0104952925833269,0.00124094916784845,0.0019005484093662,0.226333767109882,0.0187902278592,0.282796591475,0.120636906988357,0.0014889909005989,0.232971598809584,0.00241132795261208,0.0064853679140881,0.00274014540069555,0.171509369697979,0.00731672391852007,0.000109605816027822,0.239998111519119
8,1.61961156490027,0.000678724289409983,0,0.411042840123341,0,0.592791729970343,0.0326940981175361,2.1316002294257,0.150597715041071,0.785870688387847,0.00237553501293494,0.000169681072352496,0.00729628611115732,0.70629141245313,1.04982898562071,0.824503201334954,0.868547367111053,0.00596767058880158,0.373525083902616,0.0246614216040404,0.634118640022341,0.00135744857881997,0.0270660659313048,0,0,1.12348195033418,1.43357805852362,0.817168459288775,1.08351564647073,0.00152712965117246,0.00118776750646747,0.000339362144704992,0.443571322690573,0.629264287028497,0.674634861541307,0.0289741486786622,0.0388863511409164,0.12932991488408,0.324324621014291,0.120192376509211,0.271398903002464,0.011525555024954,0.00603809459674572,0.0139426809893689,0.00593883753233735,0.000339362144704992,0.0100688493817257,0.00661756182174734,0.028791709711294,0.583157111758244,0.756249733333976,0.000169681072352496,0,0.0224555676634579,0.0228941868725713,0.000339362144704992,0.0107891646226156,0.0138434239249605,0.000678724289409983,0.000848405361762479,0.235873192040055,0.0155402346484855,0.289084971291931,0.126135416041811,0.00101808643411497,0.293617680680009,0.00322394037469742,0.00586841352439322,0.00373298359175491,0.279160111541347,0.00695692396645233,0,0.33624830932834
12,1.72924184072548,0.00104895154443091,0.000209790308886182,0.443829136312432,0.000209790308886182,0.520624314882077,0.025246134303422,1.97723320443012,0.410558846855256,0.562574699238748,0,0.000752090390371671,0.0077978900473288,0.671912497902827,1.17604566720853,0.691459634663682,0.806600590502234,0.00314685463329273,0.297601961283102,0.0245972299260559,0.656992605314573,0.000419580617772364,0.0257212385501816,0,0,1.00813492557112,1.31297899832232,0.984266908186404,0.768320470735165,0.00314685463329273,0.00125874185331709,0.000839161235544728,0.441720752740613,0.578322564354885,0.459777518361767,0.0356136134034972,0.0572970722984687,0.151909373764846,0.337947369357936,0.149458402773459,0.31380224351238,0.0141628965509944,0.00882730814105221,0.0081818220465611,0.00545454803104073,0.000419580617772364,0.00884684159175971,0.00662621903918477,0.0462914416756024,0.551035358239777,0.158551024852384,0.00146853216220327,0.000419580617772364,0.0153146925486913,0.025333205148595,0.000209790308886182,0.0127972088420571,0.00662621903918477,0.00146853216220327,0.00207836963815432,0.212635071362053,0.0200370251998075,0.257803124940888,0.104551332094459,0.00146853216220327,0.22337043648165,0.00293706432440655,0.00767517058361568,0.00356643525106509,0.244431291827591,0.0086726999014136,0,0.304604041816793
6,1.65419225412186,0.000153691170855864,0,0.40633296868612,0.0522986790452181,0.0800336374000159,0.0249502016235086,1.08092114328497,0.0462148198101968,0.783047613478124,0.0016906028794145,0.000461073512567591,0.0132320010116791,0.0558104646661938,0.26362427232167,0.399402809037514,0.8986749531904,0.0314720230623884,0.357909339960931,0.0786875880397046,0.262833283496131,0.00531540338074197,0.0222164237462312,0,0.0175092378232139,0.175310724552883,0.730732227900571,1.66637073971925,0.352464712146529,0.036993349558845,0.0206759694756941,0.000768455854279319,0.201280045449773,0.441978881121927,0.556660979670757,0.514080979186565,1.06125282689907,0.0498775421630043,0.0717712351264946,0.0126925795818234,0.291014792494288,0.00318984296118924,0.00423956518475093,0.00491811746738764,0.232349271753393,0.0454086923291336,0.0907633991731691,0.00521118971572075,0.559060002129613,0.347225144727071,0.128487245285947,0.000614764683423455,0.00245905873369382,0.021966281778034,0.0791745273000054,0.00807028880179297,0.0619814730338337,0.0100798296772737,0.000614764683423455,0.000397285913354336,0.00500802103903025,0.00780057808686515,0.0313560035183165,0.261816380878825,0.0489928165399569,0.092021298502077,0.00199798522112623,0.0297929758373285,0.0114891661874059,0.222391009914471,0.00586638046495217,0.00417577758553767,0.0983803773300743
13,1.59893491153258,0,0.000425113266212785,0.461689784429612,0.00395035705556185,0.132529007589184,0.0472441743845021,0.485884143887998,0.0541018963516018,0.730639046217431,0.00382601939591506,0.00207346604379149,0.192065642279058,0.162255219939727,0.232891794572292,0.30757981755793,1.26351071705642,0.0217731510343283,0.0694952310995035,0.0629577296968838,0.24822409159951,0.00224990399071071,0.0544158823296121,0.000549450925859569,0.000425113266212785,0.1314988860212,0.87184538187746,1.51700907551531,0.69680644050266,0.028991783900152,0.0522777977542918,0.000850226532425569,0.0929643336510723,0.576938099711806,0.58860367793234,1.08188350194274,0.306353746753203,0.0604939031269308,0.162338984719145,0.0708257884786491,0.168210714232904,0.0182430779420145,0.0186171108034968,0.00212556633106392,0.125586876069048,0.00680181225940455,0.0717645800481282,0.00628848001973216,1.25094892855795,0.322742259006039,0.0727024218355115,0.00334880584242985,0.0024624606238171,0.0197517852778092,0.0197879039639964,0.00139967745828514,0.130174903023929,0.00361346276280867,0.00368570013518302,0.00995819855382993,0.0277407183623925,0.067261308709878,0.143406020404172,0.0187251207984644,0.00853838401044287,0.170750329940747,0.00331268715624267,0.0126130787256515,0.00584738515243412,0.114143552313114,0.0132507486249707,0,0.102093204985213
18,1.92257262969751,0,0,0.18160315358165,0.0552172666723783,0.0554614883180303,0.0468629658163596,0.497162427537397,0.0208432124438006,0.821792624772191,0.00239194511921191,0,0.0820058027991273,0.0260202667999383,0.163404018806742,0.252106667406854,1.03334255069451,0.16202423207517,0.138462417450939,0.223717860711939,0.191387975645702,0.00459942021653658,0.0292809755701441,0,0.0171898529832603,0.0686239034864122,0.538166186886952,1.12839608300786,0.347344063570283,0.222289313824906,0.265493225350508,0.000946060755996286,0.0776197015616016,0.981070675386939,0.609660427231751,0.48647250670763,0.428163030415185,0.0200280352512492,0.0248655119481154,0.0063070717066419,0.151419555709363,0.00144588436321563,0.00528371384564316,0.00252282868265676,0.0733119242838371,0.0323567008910832,0.217767074817838,0.00283818226798886,0.486650847905336,0.494537656566158,0.0243121018824537,0.00063070717066419,0.00220747509732467,0.0207896259853582,0.0437928922333634,0.118326591852899,0.0757811665080515,0.00851454680396657,0.000315353585332095,0,0.00157676792666048,0.0145361407371587,0.0313333430300845,0.107515230075408,0.0573530964026435,0.0457628242777378,0.00157676792666048,0.0140363171299394,0.0395330496760983,0.156905285058131,0.0101155388045665,0,0.0415261789396534